country,country_code,#,pos,player_name,first_names,last_names,name_on_shirt,dob,age,club,height_cm,caps,goals,player_image_url,flag_code,flag_url,flag_colors
Algeria,ALG,22,MF,MAZA Ibrahim,Ibrahim,MAZA,MAZA,24/11/2005,20,Bayer 04 Leverkusen (GER),180,18,2,https://encrypted-tbn0.gstatic.com/images?q=tbn:ANd9GcS1fYKIH5E1fNxH0__3pjZqBvRWEIttrUg4pGYlbeq6UQ&s=10,DZ,https://flagsapi.com/DZ/flat/64.png,"[{""hex"": ""#FFFFFF"", ""percent"": 47.72}, {""hex"": ""#006233"", ""percent"": 45.89}, {""hex"": ""#D21034"", ""percent"": 5.49}, {""hex"": ""#EC99A8"", ""percent"": 0.43}, {""hex"": ""#902A34"", ""percent"": 0.13}, {""hex"": ""#DD4D68"", ""percent"": 0.11}]"
Argentina,ARG,8,MF,BARCO Valentin,Valentin,BARCO,BARCO,23/07/2004,21,RC Strasbourg (FRA),172,4,2,https://encrypted-tbn0.gstatic.com/images?q=tbn:ANd9GcS1fYKIH5E1fNxH0__3pjZqBvRWEIttrUg4pGYlbeq6UQ&s=10,AR,https://flagsapi.com/AR/flat/64.png,"[{""hex"": ""#74ACDF"", ""percent"": 66}, {""hex"": ""#FFFFFF"", ""percent"": 28.63}, {""hex"": ""#D1E3F4"", ""percent"": 2.46}, {""hex"": ""#D7A454"", ""percent"": 1.71}, {""hex"": ""#DBB892"", ""percent"": 0.79}, {""hex"": ""#F3B10E"", ""percent"": 0.41}]"
Argentina,ARG,18,FW,PAZ Nico,Nicolas,PAZ MARTÍNEZ,NICO PAZ,08/09/2004,21,Como (ITA),185,10,1,https://png.pngtree.com/png-vector/20250909/ourlarge/pngtree-focused-footballer-silhouette-in-action-preparing-to-kick-the-ball-png-image_17376673.webp,AR,https://flagsapi.com/AR/flat/64.png,"[{""hex"": ""#74ACDF"", ""percent"": 66}, {""hex"": ""#FFFFFF"", ""percent"": 28.63}, {""hex"": ""#D1E3F4"", ""percent"": 2.46}, {""hex"": ""#D7A454"", ""percent"": 1.71}, {""hex"": ""#DBB892"", ""percent"": 0.79}, {""hex"": ""#F3B10E"", ""percent"": 0.41}]"
Australia,AUS,17,FW,IRANKUNDA Nestory,Nestory,IRANKUNDA,IRANKUNDA,09/02/2006,20,Watford FC (ENG),165,16,6,https://png.pngtree.com/png-vector/20250909/ourlarge/pngtree-focused-footballer-silhouette-in-action-preparing-to-kick-the-ball-png-image_17376673.webp,AU,https://flagsapi.com/AU/flat/64.png,"[{""hex"": ""#00008B"", ""percent"": 77.34}, {""hex"": ""#FEFEFE"", ""percent"": 9.37}, {""hex"": ""#FF0101"", ""percent"": 8.79}, {""hex"": ""#5656B3"", ""percent"": 1.68}, {""hex"": ""#D3D3EB"", ""percent"": 1.03}, {""hex"": ""#27279D"", ""percent"": 0.45}]"
Australia,AUS,24,MF,OKON-ENGSTLER Paul,Paul Michael Junior,OKON-ENGSTLER,OKON-ENGSTLER,24/01/2005,21,Sydney FC (AUS),185,7,0,https://encrypted-tbn0.gstatic.com/images?q=tbn:ANd9GcS1fYKIH5E1fNxH0__3pjZqBvRWEIttrUg4pGYlbeq6UQ&s=10,AU,https://flagsapi.com/AU/flat/64.png,"[{""hex"": ""#00008B"", ""percent"": 77.34}, {""hex"": ""#FEFEFE"", ""percent"": 9.37}, {""hex"": ""#FF0101"", ""percent"": 8.79}, {""hex"": ""#5656B3"", ""percent"": 1.68}, {""hex"": ""#D3D3EB"", ""percent"": 1.03}, {""hex"": ""#27279D"", ""percent"": 0.45}]"
Australia,AUS,25,DF,HERRINGTON Lucas,Lucas,HERRINGTON,HERRINGTON,05/09/2007,18,Colorado Rapids (USA),193,4,0,https://png.pngtree.com/recommend-works/png-clipart/20250422/ourlarge/pngtree-silhouette-dribbling-football-player-png-image_16056964.png,AU,https://flagsapi.com/AU/flat/64.png,"[{""hex"": ""#00008B"", ""percent"": 77.34}, {""hex"": ""#FEFEFE"", ""percent"": 9.37}, {""hex"": ""#FF0101"", ""percent"": 8.79}, {""hex"": ""#5656B3"", ""percent"": 1.68}, {""hex"": ""#D3D3EB"", ""percent"": 1.03}, {""hex"": ""#27279D"", ""percent"": 0.45}]"
Austria,AUT,24,MF,WANNER Paul,Paul,WANNER,WANNER,23/12/2005,20,PSV Eindhoven (NED),185,4,0,https://encrypted-tbn0.gstatic.com/images?q=tbn:ANd9GcS1fYKIH5E1fNxH0__3pjZqBvRWEIttrUg4pGYlbeq6UQ&s=10,AT,https://flagsapi.com/AT/flat/64.png,"[{""hex"": ""#ED2939"", ""percent"": 66}, {""hex"": ""#FFFFFF"", ""percent"": 32}, {""hex"": ""#F9B9BE"", ""percent"": 2}]"
Belgium,BEL,13,GK,PENDERS Mike,Mike Louis,PENDERS,PENDERS,31/07/2005,20,RC Strasbourg (FRA),200,0,0,https://www.citypng.com/public/uploads/preview/free-football-goal-keeper-black-silhouette-png-704081694878919l9wkwqlmuo.png,BE,https://flagsapi.com/BE/flat/64.png,"[{""hex"": ""#000000"", ""percent"": 33.33}, {""hex"": ""#ED2939"", ""percent"": 33.33}, {""hex"": ""#FAE042"", ""percent"": 33.33}]"
Belgium,BEL,18,DF,SEYS Joaquin,Joaquin Ronny,SEYS,SEYS,28/03/2005,21,Club Brugge (BEL),178,5,0,https://png.pngtree.com/recommend-works/png-clipart/20250422/ourlarge/pngtree-silhouette-dribbling-football-player-png-image_16056964.png,BE,https://flagsapi.com/BE/flat/64.png,"[{""hex"": ""#000000"", ""percent"": 33.33}, {""hex"": ""#ED2939"", ""percent"": 33.33}, {""hex"": ""#FAE042"", ""percent"": 33.33}]"
Belgium,BEL,19,MF,MOREIRA Diego,Diego Manuel J,DA SILVA MOREIRA,MOREIRA JR,06/08/2004,21,RC Strasbourg (FRA),179,3,0,https://encrypted-tbn0.gstatic.com/images?q=tbn:ANd9GcS1fYKIH5E1fNxH0__3pjZqBvRWEIttrUg4pGYlbeq6UQ&s=10,BE,https://flagsapi.com/BE/flat/64.png,"[{""hex"": ""#000000"", ""percent"": 33.33}, {""hex"": ""#ED2939"", ""percent"": 33.33}, {""hex"": ""#FAE042"", ""percent"": 33.33}]"
Belgium,BEL,26,FW,FERNANDEZ-PARDO Matias,Matias,FERNANDEZ-PARDO,FERNANDEZ-PARDO,03/02/2005,21,Lille OSC (FRA),188,3,0,https://png.pngtree.com/png-vector/20250909/ourlarge/pngtree-focused-footballer-silhouette-in-action-preparing-to-kick-the-ball-png-image_17376673.webp,BE,https://flagsapi.com/BE/flat/64.png,"[{""hex"": ""#000000"", ""percent"": 33.33}, {""hex"": ""#ED2939"", ""percent"": 33.33}, {""hex"": ""#FAE042"", ""percent"": 33.33}]"
Bosnia And Herzegovina,BIH,12,GK,JURKAS Mladen,Mladen,JURKAS,JURKAS,07/10/2007,18,FK Borac Banja Luka (BIH),193,0,0,https://www.citypng.com/public/uploads/preview/free-football-goal-keeper-black-silhouette-png-704081694878919l9wkwqlmuo.png,BA,https://flagsapi.com/BA/flat/64.png,"[{""hex"": ""#002395"", ""percent"": 70.1}, {""hex"": ""#FECB00"", ""percent"": 24.75}, {""hex"": ""#FDFDFE"", ""percent"": 3.16}, {""hex"": ""#97A6D4"", ""percent"": 0.76}, {""hex"": ""#7F774A"", ""percent"": 0.51}, {""hex"": ""#6177BD"", ""percent"": 0.49}]"
Bosnia And Herzegovina,BIH,19,FW,ALAJBEGOVIC Kerim,Kerim,ALAJBEGOVIĆ,ALAJBEGOVIĆ,21/09/2007,18,FC Red Bull Salzburg (AUT),186,12,1,https://png.pngtree.com/png-vector/20250909/ourlarge/pngtree-focused-footballer-silhouette-in-action-preparing-to-kick-the-ball-png-image_17376673.webp,BA,https://flagsapi.com/BA/flat/64.png,"[{""hex"": ""#002395"", ""percent"": 70.1}, {""hex"": ""#FECB00"", ""percent"": 24.75}, {""hex"": ""#FDFDFE"", ""percent"": 3.16}, {""hex"": ""#97A6D4"", ""percent"": 0.76}, {""hex"": ""#7F774A"", ""percent"": 0.51}, {""hex"": ""#6177BD"", ""percent"": 0.49}]"
Bosnia And Herzegovina,BIH,20,FW,BAJRAKTAREVIC Esmir,Esmir,BAJRAKTAREVIĆ,BAJRAKTAREVIĆ,10/03/2005,21,PSV Eindhoven (NED),175,18,1,https://png.pngtree.com/png-vector/20250909/ourlarge/pngtree-focused-footballer-silhouette-in-action-preparing-to-kick-the-ball-png-image_17376673.webp,BA,https://flagsapi.com/BA/flat/64.png,"[{""hex"": ""#002395"", ""percent"": 70.1}, {""hex"": ""#FECB00"", ""percent"": 24.75}, {""hex"": ""#FDFDFE"", ""percent"": 3.16}, {""hex"": ""#97A6D4"", ""percent"": 0.76}, {""hex"": ""#7F774A"", ""percent"": 0.51}, {""hex"": ""#6177BD"", ""percent"": 0.49}]"
Bosnia And Herzegovina,BIH,24,DF,MALIC Arjan,Arjan,MALIĆ,MALIĆ,28/08/2005,20,SK Sturm Graz (AUT),188,8,0,https://png.pngtree.com/recommend-works/png-clipart/20250422/ourlarge/pngtree-silhouette-dribbling-football-player-png-image_16056964.png,BA,https://flagsapi.com/BA/flat/64.png,"[{""hex"": ""#002395"", ""percent"": 70.1}, {""hex"": ""#FECB00"", ""percent"": 24.75}, {""hex"": ""#FDFDFE"", ""percent"": 3.16}, {""hex"": ""#97A6D4"", ""percent"": 0.76}, {""hex"": ""#7F774A"", ""percent"": 0.51}, {""hex"": ""#6177BD"", ""percent"": 0.49}]"
Bosnia And Herzegovina,BIH,26,MF,MAHMIC Ermin,Ermin,MAHMIĆ,MAHMIĆ,14/03/2005,21,FC Slovan Liberec (CZE),182,3,1,https://encrypted-tbn0.gstatic.com/images?q=tbn:ANd9GcS1fYKIH5E1fNxH0__3pjZqBvRWEIttrUg4pGYlbeq6UQ&s=10,BA,https://flagsapi.com/BA/flat/64.png,"[{""hex"": ""#002395"", ""percent"": 70.1}, {""hex"": ""#FECB00"", ""percent"": 24.75}, {""hex"": ""#FDFDFE"", ""percent"": 3.16}, {""hex"": ""#97A6D4"", ""percent"": 0.76}, {""hex"": ""#7F774A"", ""percent"": 0.51}, {""hex"": ""#6177BD"", ""percent"": 0.49}]"
Brazil,BRA,19,FW,ENDRICK,Endrick Felipe,MOREIRA DE SOUSA PESSOA,ENDRICK,21/07/2006,19,Olympique Lyonnais (FRA),172,17,4,https://png.pngtree.com/png-vector/20250909/ourlarge/pngtree-focused-footballer-silhouette-in-action-preparing-to-kick-the-ball-png-image_17376673.webp,BR,https://flagsapi.com/BR/flat/64.png,"[{""hex"": ""#009B3A"", ""percent"": 68.17}, {""hex"": ""#FDDF00"", ""percent"": 17.08}, {""hex"": ""#012876"", ""percent"": 11.44}, {""hex"": ""#61B125"", ""percent"": 0.43}, {""hex"": ""#304F90"", ""percent"": 0.41}, {""hex"": ""#6FC790"", ""percent"": 0.22}]"
Brazil,BRA,26,FW,RAYAN,Rayan Vitor,SIMPLICIO ROCHA,RAYAN,03/08/2006,19,AFC Bournemouth (ENG),187,2,1,https://png.pngtree.com/png-vector/20250909/ourlarge/pngtree-focused-footballer-silhouette-in-action-preparing-to-kick-the-ball-png-image_17376673.webp,BR,https://flagsapi.com/BR/flat/64.png,"[{""hex"": ""#009B3A"", ""percent"": 68.17}, {""hex"": ""#FDDF00"", ""percent"": 17.08}, {""hex"": ""#012876"", ""percent"": 11.44}, {""hex"": ""#61B125"", ""percent"": 0.43}, {""hex"": ""#304F90"", ""percent"": 0.41}, {""hex"": ""#6FC790"", ""percent"": 0.22}]"
Canada,CAN,4,DF,DE FOUGEROLLES Luc,Luc,ROLLET DE FOUGEROLLES,DE FOUGEROLLES,12/10/2005,20,FCV Dender EH (BEL),183,15,0,https://png.pngtree.com/recommend-works/png-clipart/20250422/ourlarge/pngtree-silhouette-dribbling-football-player-png-image_16056964.png,CA,https://flagsapi.com/CA/flat/64.png,"[{""hex"": ""#FF0000"", ""percent"": 63.02}, {""hex"": ""#FFFFFF"", ""percent"": 35.58}, {""hex"": ""#FFD0D0"", ""percent"": 0.48}, {""hex"": ""#FF9191"", ""percent"": 0.45}, {""hex"": ""#FF2C2C"", ""percent"": 0.3}, {""hex"": ""#FF5050"", ""percent"": 0.19}]"
DR Congo,COD,6,MF,MUKAU Ngalayel,Ngal’ayel,MUKAU,MUKAU,03/11/2004,21,Lille OSC (FRA),186,15,0,https://encrypted-tbn0.gstatic.com/images?q=tbn:ANd9GcS1fYKIH5E1fNxH0__3pjZqBvRWEIttrUg4pGYlbeq6UQ&s=10,CD,https://flagsapi.com/CD/flat/64.png,"[{""hex"": ""#007FFF"", ""percent"": 65.81}, {""hex"": ""#CE1021"", ""percent"": 19.52}, {""hex"": ""#F7D518"", ""percent"": 11.62}, {""hex"": ""#539CB2"", ""percent"": 1.25}, {""hex"": ""#E16C1D"", ""percent"": 0.95}, {""hex"": ""#B1BD59"", ""percent"": 0.84}]"
DR Congo,COD,14,MF,SADIKI Noah,Noah Junior,SADIKI,SADIKI,17/12/2004,21,Sunderland AFC (ENG),165,21,0,https://encrypted-tbn0.gstatic.com/images?q=tbn:ANd9GcS1fYKIH5E1fNxH0__3pjZqBvRWEIttrUg4pGYlbeq6UQ&s=10,CD,https://flagsapi.com/CD/flat/64.png,"[{""hex"": ""#007FFF"", ""percent"": 65.81}, {""hex"": ""#CE1021"", ""percent"": 19.52}, {""hex"": ""#F7D518"", ""percent"": 11.62}, {""hex"": ""#539CB2"", ""percent"": 1.25}, {""hex"": ""#E16C1D"", ""percent"": 0.95}, {""hex"": ""#B1BD59"", ""percent"": 0.84}]"
DR Congo,COD,21,GK,EPOLO Matthieu,Matthieu Luka,EPOLO,EPOLO,15/01/2005,21,Standard Liège (BEL),183,1,0,https://www.citypng.com/public/uploads/preview/free-football-goal-keeper-black-silhouette-png-704081694878919l9wkwqlmuo.png,CD,https://flagsapi.com/CD/flat/64.png,"[{""hex"": ""#007FFF"", ""percent"": 65.81}, {""hex"": ""#CE1021"", ""percent"": 19.52}, {""hex"": ""#F7D518"", ""percent"": 11.62}, {""hex"": ""#539CB2"", ""percent"": 1.25}, {""hex"": ""#E16C1D"", ""percent"": 0.95}, {""hex"": ""#B1BD59"", ""percent"": 0.84}]"
Côte D'Ivoire,CIV,11,FW,DIOMANDE Yan,Yan,DIOMANDE,YAN DIOMANDE,14/11/2006,19,RB Leipzig (GER),180,11,3,https://png.pngtree.com/png-vector/20250909/ourlarge/pngtree-focused-footballer-silhouette-in-action-preparing-to-kick-the-ball-png-image_17376673.webp,CI,https://flagsapi.com/CI/flat/64.png,"[{""hex"": ""#FFFFFF"", ""percent"": 33.33}, {""hex"": ""#F77F00"", ""percent"": 33.33}, {""hex"": ""#009E60"", ""percent"": 33.33}]"
Côte D'Ivoire,CIV,24,FW,TOURE Bazoumana,Bazoumana,TOURE,TOURE,02/03/2006,20,TSG Hoffenheim (GER),178,7,2,https://png.pngtree.com/png-vector/20250909/ourlarge/pngtree-focused-footballer-silhouette-in-action-preparing-to-kick-the-ball-png-image_17376673.webp,CI,https://flagsapi.com/CI/flat/64.png,"[{""hex"": ""#FFFFFF"", ""percent"": 33.33}, {""hex"": ""#F77F00"", ""percent"": 33.33}, {""hex"": ""#009E60"", ""percent"": 33.33}]"
Côte D'Ivoire,CIV,26,MF,OULAI Christ Inao,Christ Ravynel Inao,OULAI,INAO,06/04/2006,20,Trabzonspor (TUR),173,10,0,https://encrypted-tbn0.gstatic.com/images?q=tbn:ANd9GcS1fYKIH5E1fNxH0__3pjZqBvRWEIttrUg4pGYlbeq6UQ&s=10,CI,https://flagsapi.com/CI/flat/64.png,"[{""hex"": ""#FFFFFF"", ""percent"": 33.33}, {""hex"": ""#F77F00"", ""percent"": 33.33}, {""hex"": ""#009E60"", ""percent"": 33.33}]"
Croatia,CRO,22,DF,VUSKOVIC Luka,Luka,VUŠKOVIĆ,VUŠKOVIĆ,24/02/2007,19,Hamburger SV (GER),193,6,1,https://png.pngtree.com/recommend-works/png-clipart/20250422/ourlarge/pngtree-silhouette-dribbling-football-player-png-image_16056964.png,HR,https://flagsapi.com/HR/flat/64.png,"[{""hex"": ""#FF0000"", ""percent"": 32.58}, {""hex"": ""#171796"", ""percent"": 32.49}, {""hex"": ""#FFFFFF"", ""percent"": 28.63}, {""hex"": ""#FD7071"", ""percent"": 1.19}, {""hex"": ""#B3B3DC"", ""percent"": 1.02}, {""hex"": ""#9C2639"", ""percent"": 0.13}]"
Czechia,CZE,25,MF,SOCHUREK Hugo,Hugo,SOCHŮREK,SOCHŮREK,07/06/2008,18,AC Sparta Praha (CZE),183,1,0,https://encrypted-tbn0.gstatic.com/images?q=tbn:ANd9GcS1fYKIH5E1fNxH0__3pjZqBvRWEIttrUg4pGYlbeq6UQ&s=10,CZ,https://flagsapi.com/CZ/flat/64.png,"[{""hex"": ""#FFFFFF"", ""percent"": 50.0}, {""hex"": ""#D7141A"", ""percent"": 25.0}, {""hex"": ""#11457E"", ""percent"": 25.0}]"
Ecuador,ECU,10,MF,PAEZ Kendry,Ray Kendry,PAEZ ANDRADE,KENDRY,04/05/2007,19,CA River Plate (ARG),178,26,2,https://encrypted-tbn0.gstatic.com/images?q=tbn:ANd9GcS1fYKIH5E1fNxH0__3pjZqBvRWEIttrUg4pGYlbeq6UQ&s=10,EC,https://flagsapi.com/EC/flat/64.png,"[{""hex"": ""#FFDD00"", ""percent"": 46.95}, {""hex"": ""#ED1C24"", ""percent"": 25.45}, {""hex"": ""#034EA2"", ""percent"": 21.57}, {""hex"": ""#483220"", ""percent"": 1.03}, {""hex"": ""#42AAC9"", ""percent"": 0.34}, {""hex"": ""#4D9332"", ""percent"": 0.33}]"
Ecuador,ECU,24,FW,AREVALO Jeremy,Jeremy Alberto,AREVALO MERA,AREVALO,19/03/2005,21,VfB Stuttgart (GER),182,4,0,https://png.pngtree.com/png-vector/20250909/ourlarge/pngtree-focused-footballer-silhouette-in-action-preparing-to-kick-the-ball-png-image_17376673.webp,EC,https://flagsapi.com/EC/flat/64.png,"[{""hex"": ""#FFDD00"", ""percent"": 46.95}, {""hex"": ""#ED1C24"", ""percent"": 25.45}, {""hex"": ""#034EA2"", ""percent"": 21.57}, {""hex"": ""#483220"", ""percent"": 1.03}, {""hex"": ""#42AAC9"", ""percent"": 0.34}, {""hex"": ""#4D9332"", ""percent"": 0.33}]"
Ecuador,ECU,26,DF,MEDINA Yaimar,Yaimar Abel,MEDINA ORTIZ,MEDINA,05/11/2004,21,KRC Genk (BEL),173,6,0,https://png.pngtree.com/recommend-works/png-clipart/20250422/ourlarge/pngtree-silhouette-dribbling-football-player-png-image_16056964.png,EC,https://flagsapi.com/EC/flat/64.png,"[{""hex"": ""#FFDD00"", ""percent"": 46.95}, {""hex"": ""#ED1C24"", ""percent"": 25.45}, {""hex"": ""#034EA2"", ""percent"": 21.57}, {""hex"": ""#483220"", ""percent"": 1.03}, {""hex"": ""#42AAC9"", ""percent"": 0.34}, {""hex"": ""#4D9332"", ""percent"": 0.33}]"
Egypt,EGY,9,FW,HAMZA ABDELKARIM,Hamza Mohamed Abdelkarim E,SELIM,ABDELKARIM,01/01/2008,18,FC Barcelona (ESP),182,3,0,https://png.pngtree.com/png-vector/20250909/ourlarge/pngtree-focused-footballer-silhouette-in-action-preparing-to-kick-the-ball-png-image_17376673.webp,EG,https://flagsapi.com/EG/flat/64.png,"[{""hex"": ""#000000"", ""percent"": 33}, {""hex"": ""#CE1126"", ""percent"": 33}, {""hex"": ""#FFFFFF"", ""percent"": 28.39}, {""hex"": ""#E4D091"", ""percent"": 2.16}, {""hex"": ""#EFB0B7"", ""percent"": 1}, {""hex"": ""#C29608"", ""percent"": 0.78}]"
England,ENG,3,DF,OREILLY Nico,Nico,O'REILLY,O'REILLY,21/03/2005,21,Manchester City FC (ENG),177,6,0,https://png.pngtree.com/recommend-works/png-clipart/20250422/ourlarge/pngtree-silhouette-dribbling-football-player-png-image_16056964.png,GB-ENG,https://flagsapi.com/GB-ENG/flat/64.png,"[{""hex"": ""#CF142B"", ""percent"": 36.09}, {""hex"": ""#FFFFFF"", ""percent"": 31.36}, {""hex"": ""#F3C4CA"", ""percent"": 1.54}, {""hex"": ""#AAB6D4"", ""percent"": 1.48}, {""hex"": ""#DB4F60"", ""percent"": 1.25}, {""hex"": ""#6E82B5"", ""percent"": 1.04}]"
England,ENG,16,MF,MAINOO Kobbie,Kobbie Boateng,MAINOO,MAINOO,19/04/2005,21,Manchester United FC (ENG),183,14,0,https://encrypted-tbn0.gstatic.com/images?q=tbn:ANd9GcS1fYKIH5E1fNxH0__3pjZqBvRWEIttrUg4pGYlbeq6UQ&s=10,GB-ENG,https://flagsapi.com/GB-ENG/flat/64.png,"[{""hex"": ""#CF142B"", ""percent"": 36.09}, {""hex"": ""#FFFFFF"", ""percent"": 31.36}, {""hex"": ""#F3C4CA"", ""percent"": 1.54}, {""hex"": ""#AAB6D4"", ""percent"": 1.48}, {""hex"": ""#DB4F60"", ""percent"": 1.25}, {""hex"": ""#6E82B5"", ""percent"": 1.04}]"
France,FRA,18,MF,ZAIRE-EMERY Warren,Warren Marie Jean-Pierre,ZAÏRE-EMERY,ZAIRE-EMERY,08/03/2006,20,Paris Saint-Germain (FRA),176,11,1,https://encrypted-tbn0.gstatic.com/images?q=tbn:ANd9GcS1fYKIH5E1fNxH0__3pjZqBvRWEIttrUg4pGYlbeq6UQ&s=10,FR,https://flagsapi.com/FR/flat/64.png,"[{""hex"": ""#FFFFFF"", ""percent"": 33.33}, {""hex"": ""#002395"", ""percent"": 33.33}, {""hex"": ""#ED2939"", ""percent"": 33.33}]"
France,FRA,20,FW,DOUE Desire,Désiré Nonka-Maho,DOUE,DOUE,03/06/2005,21,Paris Saint-Germain (FRA),182,8,2,https://png.pngtree.com/png-vector/20250909/ourlarge/pngtree-focused-footballer-silhouette-in-action-preparing-to-kick-the-ball-png-image_17376673.webp,FR,https://flagsapi.com/FR/flat/64.png,"[{""hex"": ""#FFFFFF"", ""percent"": 33.33}, {""hex"": ""#002395"", ""percent"": 33.33}, {""hex"": ""#ED2939"", ""percent"": 33.33}]"
France,FRA,23,GK,RISSER Robin,Robin François Philippe,RISSER,RISSER,02/12/2004,21,RC Lens (FRA),193,0,0,https://www.citypng.com/public/uploads/preview/free-football-goal-keeper-black-silhouette-png-704081694878919l9wkwqlmuo.png,FR,https://flagsapi.com/FR/flat/64.png,"[{""hex"": ""#FFFFFF"", ""percent"": 33.33}, {""hex"": ""#002395"", ""percent"": 33.33}, {""hex"": ""#ED2939"", ""percent"": 33.33}]"
Germany,GER,25,MF,OUEDRAOGO Assan,Forzan Assan,OUÉDRAOGO,OUÉDRAOGO,09/05/2006,20,RB Leipzig (GER),191,1,1,https://encrypted-tbn0.gstatic.com/images?q=tbn:ANd9GcS1fYKIH5E1fNxH0__3pjZqBvRWEIttrUg4pGYlbeq6UQ&s=10,DE,https://flagsapi.com/DE/flat/64.png,"[{""hex"": ""#FFCE00"", ""percent"": 33}, {""hex"": ""#000000"", ""percent"": 33}, {""hex"": ""#DD0000"", ""percent"": 32}, {""hex"": ""#E84500"", ""percent"": 1}, {""hex"": ""#930000"", ""percent"": 1}]"
Ghana,GHA,3,MF,YIRENKYI Caleb,Caleb Marfo,YIRENKYI,YIRENKYI,15/01/2006,20,FC Nordsjælland (DEN),182,12,2,https://encrypted-tbn0.gstatic.com/images?q=tbn:ANd9GcS1fYKIH5E1fNxH0__3pjZqBvRWEIttrUg4pGYlbeq6UQ&s=10,GH,https://flagsapi.com/GH/flat/64.png,"[{""hex"": ""#006B3F"", ""percent"": 33}, {""hex"": ""#CE1126"", ""percent"": 33}, {""hex"": ""#FCD116"", ""percent"": 29.18}, {""hex"": ""#ED911C"", ""percent"": 1.13}, {""hex"": ""#A9AF24"", ""percent"": 1.04}, {""hex"": ""#8C750C"", ""percent"": 0.13}]"
Ghana,GHA,13,FW,BONSU BAAH Christopher,Christopher Bonsu,BAAH,BONSU BAAH,14/12/2004,21,Al Qadsiah FC (KSA),172,9,0,https://png.pngtree.com/png-vector/20250909/ourlarge/pngtree-focused-footballer-silhouette-in-action-preparing-to-kick-the-ball-png-image_17376673.webp,GH,https://flagsapi.com/GH/flat/64.png,"[{""hex"": ""#006B3F"", ""percent"": 33}, {""hex"": ""#CE1126"", ""percent"": 33}, {""hex"": ""#FCD116"", ""percent"": 29.18}, {""hex"": ""#ED911C"", ""percent"": 1.13}, {""hex"": ""#A9AF24"", ""percent"": 1.04}, {""hex"": ""#8C750C"", ""percent"": 0.13}]"
Haiti,HAI,3,DF,THERMONCY Keeto,Keeto,THERMONCY,THERMONCY,29/03/2006,20,BSC Young Boys (SUI),179,1,0,https://png.pngtree.com/recommend-works/png-clipart/20250422/ourlarge/pngtree-silhouette-dribbling-football-player-png-image_16056964.png,HT,https://flagsapi.com/HT/flat/64.png,"[{""hex"": ""#00209F"", ""percent"": 47.53}, {""hex"": ""#D21034"", ""percent"": 47.53}, {""hex"": ""#1D6D1F"", ""percent"": 0.41}, {""hex"": ""#A56A25"", ""percent"": 0.29}, {""hex"": ""#BD9B3F"", ""percent"": 0.28}, {""hex"": ""#D0504D"", ""percent"": 0.14}]"
Haiti,HAI,26,MF,PIERRE Woodensky,Olivier Woodensky,PIERRE,W. PIERRE,30/12/2004,21,Violette AC (HAI),177,1,0,https://encrypted-tbn0.gstatic.com/images?q=tbn:ANd9GcS1fYKIH5E1fNxH0__3pjZqBvRWEIttrUg4pGYlbeq6UQ&s=10,HT,https://flagsapi.com/HT/flat/64.png,"[{""hex"": ""#00209F"", ""percent"": 47.53}, {""hex"": ""#D21034"", ""percent"": 47.53}, {""hex"": ""#1D6D1F"", ""percent"": 0.41}, {""hex"": ""#A56A25"", ""percent"": 0.29}, {""hex"": ""#BD9B3F"", ""percent"": 0.28}, {""hex"": ""#D0504D"", ""percent"": 0.14}]"
Iran,IRN,26,MF,RAZAGHINIA Amirmohammad,Amirmohammad,RAZAGHINIA,RAZAGH,11/04/2006,20,Esteghlal Tehran FC (IRN),187,4,0,https://encrypted-tbn0.gstatic.com/images?q=tbn:ANd9GcS1fYKIH5E1fNxH0__3pjZqBvRWEIttrUg4pGYlbeq6UQ&s=10,IR,https://flagsapi.com/IR/flat/64.png,"[{""hex"": ""#FFFFFF"", ""percent"": 32.05}, {""hex"": ""#DA0101"", ""percent"": 29.91}, {""hex"": ""#239F40"", ""percent"": 28.42}, {""hex"": ""#B0DDBA"", ""percent"": 2.23}, {""hex"": ""#E96A6A"", ""percent"": 1.91}, {""hex"": ""#8ACC99"", ""percent"": 1.81}]"
Japan,JPN,9,FW,GOTO Keisuke,Keisuke,GOTO,GOTO,03/06/2005,21,Sint-Truiden VV (BEL),191,4,0,https://png.pngtree.com/png-vector/20250909/ourlarge/pngtree-focused-footballer-silhouette-in-action-preparing-to-kick-the-ball-png-image_17376673.webp,JP,https://flagsapi.com/JP/flat/64.png,"[{""hex"": ""#FFFFFF"", ""percent"": 80.82}, {""hex"": ""#BC002D"", ""percent"": 18.27}, {""hex"": ""#D14F6E"", ""percent"": 0.58}, {""hex"": ""#EDBBC7"", ""percent"": 0.22}, {""hex"": ""#DF869B"", ""percent"": 0.11}]"
Japan,JPN,26,FW,SHIOGAI Kento,Kento,SHIOGAI,SHIOGAI,26/03/2005,21,VfL Wolfsburg (GER),180,3,0,https://png.pngtree.com/png-vector/20250909/ourlarge/pngtree-focused-footballer-silhouette-in-action-preparing-to-kick-the-ball-png-image_17376673.webp,JP,https://flagsapi.com/JP/flat/64.png,"[{""hex"": ""#FFFFFF"", ""percent"": 80.82}, {""hex"": ""#BC002D"", ""percent"": 18.27}, {""hex"": ""#D14F6E"", ""percent"": 0.58}, {""hex"": ""#EDBBC7"", ""percent"": 0.22}, {""hex"": ""#DF869B"", ""percent"": 0.11}]"
Jordan,JOR,11,FW,ODEH FAKHOURY,Odeh Burhan Shehadeh,FAKHOURY,ODEH,22/11/2005,20,Pyramids FC (EGY),180,11,1,https://png.pngtree.com/png-vector/20250909/ourlarge/pngtree-focused-footballer-silhouette-in-action-preparing-to-kick-the-ball-png-image_17376673.webp,JO,https://flagsapi.com/JO/flat/64.png,"[{""hex"": ""#007A3D"", ""percent"": 27.39}, {""hex"": ""#000000"", ""percent"": 27.39}, {""hex"": ""#CE1126"", ""percent"": 24.14}, {""hex"": ""#FFFFFF"", ""percent"": 18.66}, {""hex"": ""#D84857"", ""percent"": 0.27}, {""hex"": ""#972D2C"", ""percent"": 0.17}]"
Jordan,JOR,18,MF,MOHAMMAD ABUGHOUSH,Mohammad Ahmed Mohammad,TAHA,ABU GHOUSH,13/07/2005,20,Al Hussein SC (JOR),182,0,0,https://encrypted-tbn0.gstatic.com/images?q=tbn:ANd9GcS1fYKIH5E1fNxH0__3pjZqBvRWEIttrUg4pGYlbeq6UQ&s=10,JO,https://flagsapi.com/JO/flat/64.png,"[{""hex"": ""#007A3D"", ""percent"": 27.39}, {""hex"": ""#000000"", ""percent"": 27.39}, {""hex"": ""#CE1126"", ""percent"": 24.14}, {""hex"": ""#FFFFFF"", ""percent"": 18.66}, {""hex"": ""#D84857"", ""percent"": 0.27}, {""hex"": ""#972D2C"", ""percent"": 0.17}]"
Mexico,MEX,18,MF,VARGAS Obed,Obed Goméz,VARGAS,O. VARGAS,05/08/2005,20,Atlético De Madrid (ESP),175,7,0,https://encrypted-tbn0.gstatic.com/images?q=tbn:ANd9GcS1fYKIH5E1fNxH0__3pjZqBvRWEIttrUg4pGYlbeq6UQ&s=10,MX,https://flagsapi.com/MX/flat/64.png,"[{""hex"": ""#006847"", ""percent"": 33.15}, {""hex"": ""#CE1126"", ""percent"": 33.15}, {""hex"": ""#FFFFFF"", ""percent"": 26.74}, {""hex"": ""#EFB1B7"", ""percent"": 1.23}, {""hex"": ""#593520"", ""percent"": 1.12}, {""hex"": ""#925A2F"", ""percent"": 0.46}]"
Mexico,MEX,19,MF,MORA Gilberto,Gilberto Rafael,MORA ZAMBRANO,G. MORA,14/10/2008,17,Club Tijuana (MEX),175,9,0,https://encrypted-tbn0.gstatic.com/images?q=tbn:ANd9GcS1fYKIH5E1fNxH0__3pjZqBvRWEIttrUg4pGYlbeq6UQ&s=10,MX,https://flagsapi.com/MX/flat/64.png,"[{""hex"": ""#006847"", ""percent"": 33.15}, {""hex"": ""#CE1126"", ""percent"": 33.15}, {""hex"": ""#FFFFFF"", ""percent"": 26.74}, {""hex"": ""#EFB1B7"", ""percent"": 1.23}, {""hex"": ""#593520"", ""percent"": 1.12}, {""hex"": ""#925A2F"", ""percent"": 0.46}]"
Morocco,MAR,6,MF,BOUADDI Ayyoub,Ayyoub,BOUADDI,BOUADDI,02/10/2007,18,Lille OSC (FRA),185,4,0,https://encrypted-tbn0.gstatic.com/images?q=tbn:ANd9GcS1fYKIH5E1fNxH0__3pjZqBvRWEIttrUg4pGYlbeq6UQ&s=10,MA,https://flagsapi.com/MA/flat/64.png,"[{""hex"": ""#C1272D"", ""percent"": 97.97}, {""hex"": ""#016233"", ""percent"": 1.54}, {""hex"": ""#684230"", ""percent"": 0.49}]"
Morocco,MAR,7,MF,TALBI Chemsdine,Chemsdine,TALBI,TALBI,09/05/2005,21,Sunderland AFC (ENG),175,6,0,https://encrypted-tbn0.gstatic.com/images?q=tbn:ANd9GcS1fYKIH5E1fNxH0__3pjZqBvRWEIttrUg4pGYlbeq6UQ&s=10,MA,https://flagsapi.com/MA/flat/64.png,"[{""hex"": ""#C1272D"", ""percent"": 97.97}, {""hex"": ""#016233"", ""percent"": 1.54}, {""hex"": ""#684230"", ""percent"": 0.49}]"
Morocco,MAR,15,MF,EL MOURABET Samir,Samir,EL MOURABET,EL MOURABET,06/10/2005,20,RC Strasbourg (FRA),187,5,0,https://encrypted-tbn0.gstatic.com/images?q=tbn:ANd9GcS1fYKIH5E1fNxH0__3pjZqBvRWEIttrUg4pGYlbeq6UQ&s=10,MA,https://flagsapi.com/MA/flat/64.png,"[{""hex"": ""#C1272D"", ""percent"": 97.97}, {""hex"": ""#016233"", ""percent"": 1.54}, {""hex"": ""#684230"", ""percent"": 0.49}]"
Morocco,MAR,16,MF,YASSINE Gessime,Gessime Ben Youssef Mustapha,YASSINE,YASSINE,22/11/2005,20,RC Strasbourg (FRA),172,4,0,https://encrypted-tbn0.gstatic.com/images?q=tbn:ANd9GcS1fYKIH5E1fNxH0__3pjZqBvRWEIttrUg4pGYlbeq6UQ&s=10,MA,https://flagsapi.com/MA/flat/64.png,"[{""hex"": ""#C1272D"", ""percent"": 97.97}, {""hex"": ""#016233"", ""percent"": 1.54}, {""hex"": ""#684230"", ""percent"": 0.49}]"
Morocco,MAR,21,FW,AMAIMOUNI Ayoube,Ayoube,AMAIMOUNI,AMAIMOUNI,30/11/2004,21,Eintracht Frankfurt (GER),179,3,0,https://png.pngtree.com/png-vector/20250909/ourlarge/pngtree-focused-footballer-silhouette-in-action-preparing-to-kick-the-ball-png-image_17376673.webp,MA,https://flagsapi.com/MA/flat/64.png,"[{""hex"": ""#C1272D"", ""percent"": 97.97}, {""hex"": ""#016233"", ""percent"": 1.54}, {""hex"": ""#684230"", ""percent"": 0.49}]"
Netherlands,NED,25,DF,HATO Jorrel,Jorrel Evan,HATO,HATO,07/03/2006,20,Chelsea FC (ENG),182,8,0,https://png.pngtree.com/recommend-works/png-clipart/20250422/ourlarge/pngtree-silhouette-dribbling-football-player-png-image_16056964.png,NL,https://flagsapi.com/NL/flat/64.png,"[{""hex"": ""#AE1C28"", ""percent"": 33}, {""hex"": ""#21468B"", ""percent"": 33}, {""hex"": ""#FFFFFF"", ""percent"": 32}, {""hex"": ""#E4B3B7"", ""percent"": 1}, {""hex"": ""#B6C2D9"", ""percent"": 1}]"
New Zealand,NZL,4,DF,BINDON Tyler,Tyler Grant,BINDON,BINDON,27/01/2005,21,She,190,26,2,https://png.pngtree.com/recommend-works/png-clipart/20250422/ourlarge/pngtree-silhouette-dribbling-football-player-png-image_16056964.png,NZ,https://flagsapi.com/NZ/flat/64.png,"[{""hex"": ""#00247D"", ""percent"": 79.32}, {""hex"": ""#CC142B"", ""percent"": 9.25}, {""hex"": ""#FEFDFE"", ""percent"": 7.18}, {""hex"": ""#546CA8"", ""percent"": 1.48}, {""hex"": ""#DDD9E6"", ""percent"": 1.34}, {""hex"": ""#2E4B95"", ""percent"": 0.2}]"
Norway,NOR,20,FW,NUSA Antonio,Antonio Eromonsele Nordby,NUSA,NUSA,17/04/2005,21,RB Leipzig (GER),183,25,8,https://png.pngtree.com/png-vector/20250909/ourlarge/pngtree-focused-footballer-silhouette-in-action-preparing-to-kick-the-ball-png-image_17376673.webp,NO,https://flagsapi.com/NO/flat/64.png,"[{""hex"": ""#EF2B2D"", ""percent"": 60.06}, {""hex"": ""#002868"", ""percent"": 19.65}, {""hex"": ""#FFFFFF"", ""percent"": 15.13}, {""hex"": ""#F68E8F"", ""percent"": 2.16}, {""hex"": ""#BBC6D7"", ""percent"": 1.81}, {""hex"": ""#637CA3"", ""percent"": 0.01}]"
Paraguay,PAR,26,DF,MAIDANA Alexandro,Alexandro,MAIDANA MENDIETA,MAIDANA,26/07/2005,20,CA Talleres (ARG),173,2,1,https://png.pngtree.com/recommend-works/png-clipart/20250422/ourlarge/pngtree-silhouette-dribbling-football-player-png-image_16056964.png,PY,https://flagsapi.com/PY/flat/64.png,"[{""hex"": ""#0038A8"", ""percent"": 33}, {""hex"": ""#D52B1E"", ""percent"": 33}, {""hex"": ""#FFFFFF"", ""percent"": 29.89}, {""hex"": ""#ABBDE2"", ""percent"": 1.82}, {""hex"": ""#F1B8B4"", ""percent"": 1.03}, {""hex"": ""#309556"", ""percent"": 0.17}]"
Portugal,POR,15,MF,JOAO NEVES,João Pedro,GONÇALVES NEVES,JOÃO NEVES,27/09/2004,21,Paris Saint-Germain (FRA),171,23,4,https://encrypted-tbn0.gstatic.com/images?q=tbn:ANd9GcS1fYKIH5E1fNxH0__3pjZqBvRWEIttrUg4pGYlbeq6UQ&s=10,PT,https://flagsapi.com/PT/flat/64.png,"[{""hex"": ""#FF0000"", ""percent"": 55.75}, {""hex"": ""#006600"", ""percent"": 34.19}, {""hex"": ""#959E01"", ""percent"": 2.6}, {""hex"": ""#FDFDFE"", ""percent"": 1.47}, {""hex"": ""#2F59AC"", ""percent"": 0.43}, {""hex"": ""#BA5F41"", ""percent"": 0.05}]"
Qatar,QAT,13,DF,AYOUB ALOUI,Ayoub Mohamed,ALOUI,AYOUB,11/03/2005,21,Al Gharafa SC (QAT),181,9,0,https://png.pngtree.com/recommend-works/png-clipart/20250422/ourlarge/pngtree-silhouette-dribbling-football-player-png-image_16056964.png,QA,https://flagsapi.com/QA/flat/64.png,"[{""hex"": ""#8D1B3D"", ""percent"": 66.21}, {""hex"": ""#FFFFFF"", ""percent"": 32.75}, {""hex"": ""#B2657D"", ""percent"": 0.56}, {""hex"": ""#E5CAD2"", ""percent"": 0.48}]"
Qatar,QAT,24,FW,TAHSIN MOHAMMED,Tahsin Mohammad,JAMSHID,TAHSIN,16/06/2006,20,Al Duhail SC (QAT),166,5,0,https://png.pngtree.com/png-vector/20250909/ourlarge/pngtree-focused-footballer-silhouette-in-action-preparing-to-kick-the-ball-png-image_17376673.webp,QA,https://flagsapi.com/QA/flat/64.png,"[{""hex"": ""#8D1B3D"", ""percent"": 66.21}, {""hex"": ""#FFFFFF"", ""percent"": 32.75}, {""hex"": ""#B2657D"", ""percent"": 0.56}, {""hex"": ""#E5CAD2"", ""percent"": 0.48}]"
Scotland,SCO,8,MF,FLETCHER Tyler,Tyler Robert,FLETCHER,FLETCHER,19/03/2007,19,Manchester United FC (ENG),183,2,0,https://encrypted-tbn0.gstatic.com/images?q=tbn:ANd9GcS1fYKIH5E1fNxH0__3pjZqBvRWEIttrUg4pGYlbeq6UQ&s=10,GB-SCT,https://flagsapi.com/GB-SCT/flat/64.png,"[{""hex"": ""#0065BD"", ""percent"": 66.7}, {""hex"": ""#FFFFFF"", ""percent"": 33.3}]"
Scotland,SCO,17,FW,GANNON-DOAK Ben,Ben Gannon,DOAK,GANNON DOAK,11/11/2005,20,AFC Bournemouth (ENG),173,15,1,https://png.pngtree.com/png-vector/20250909/ourlarge/pngtree-focused-footballer-silhouette-in-action-preparing-to-kick-the-ball-png-image_17376673.webp,GB-SCT,https://flagsapi.com/GB-SCT/flat/64.png,"[{""hex"": ""#0065BD"", ""percent"": 66.7}, {""hex"": ""#FFFFFF"", ""percent"": 33.3}]"
Scotland,SCO,25,FW,CURTIS Findlay,Findlay Kenneth,CURTIS,CURTIS,09/06/2006,20,Kilmarnock FC (SCO),180,4,1,https://png.pngtree.com/png-vector/20250909/ourlarge/pngtree-focused-footballer-silhouette-in-action-preparing-to-kick-the-ball-png-image_17376673.webp,GB-SCT,https://flagsapi.com/GB-SCT/flat/64.png,"[{""hex"": ""#0065BD"", ""percent"": 66.7}, {""hex"": ""#FFFFFF"", ""percent"": 33.3}]"
Senegal,SEN,2,DF,SARR Mamadou,Mamadou,SARR,SARR,29/08/2005,20,Chelsea FC (ENG),194,8,0,https://png.pngtree.com/recommend-works/png-clipart/20250422/ourlarge/pngtree-silhouette-dribbling-football-player-png-image_16056964.png,SN,https://flagsapi.com/SN/flat/64.png,"[{""hex"": ""#00853F"", ""percent"": 35.23}, {""hex"": ""#E31B23"", ""percent"": 33.33}, {""hex"": ""#FDEF42"", ""percent"": 31.15}, {""hex"": ""#71B540"", ""percent"": 0.22}, {""hex"": ""#ABCD41"", ""percent"": 0.07}]"
Senegal,SEN,7,FW,DIAO Assane,Assane,DIAO,A. DIAO,07/09/2005,20,Como (ITA),185,5,0,https://png.pngtree.com/png-vector/20250909/ourlarge/pngtree-focused-footballer-silhouette-in-action-preparing-to-kick-the-ball-png-image_17376673.webp,SN,https://flagsapi.com/SN/flat/64.png,"[{""hex"": ""#00853F"", ""percent"": 35.23}, {""hex"": ""#E31B23"", ""percent"": 33.33}, {""hex"": ""#FDEF42"", ""percent"": 31.15}, {""hex"": ""#71B540"", ""percent"": 0.22}, {""hex"": ""#ABCD41"", ""percent"": 0.07}]"
Senegal,SEN,20,FW,MBAYE Ibrahim,Ibrahim,MBAYE,I. MBAYE,24/01/2008,18,Paris Saint-Germain (FRA),175,12,4,https://png.pngtree.com/png-vector/20250909/ourlarge/pngtree-focused-footballer-silhouette-in-action-preparing-to-kick-the-ball-png-image_17376673.webp,SN,https://flagsapi.com/SN/flat/64.png,"[{""hex"": ""#00853F"", ""percent"": 35.23}, {""hex"": ""#E31B23"", ""percent"": 33.33}, {""hex"": ""#FDEF42"", ""percent"": 31.15}, {""hex"": ""#71B540"", ""percent"": 0.22}, {""hex"": ""#ABCD41"", ""percent"": 0.07}]"
Senegal,SEN,22,MF,NDIAYE Bara Sapoko,Bara Sapoko,NDIAYE,BARA,31/12/2007,18,FC Bayern München (GER),180,1,0,https://encrypted-tbn0.gstatic.com/images?q=tbn:ANd9GcS1fYKIH5E1fNxH0__3pjZqBvRWEIttrUg4pGYlbeq6UQ&s=10,SN,https://flagsapi.com/SN/flat/64.png,"[{""hex"": ""#00853F"", ""percent"": 35.23}, {""hex"": ""#E31B23"", ""percent"": 33.33}, {""hex"": ""#FDEF42"", ""percent"": 31.15}, {""hex"": ""#71B540"", ""percent"": 0.22}, {""hex"": ""#ABCD41"", ""percent"": 0.07}]"
Senegal,SEN,25,DF,DIOUF El Hadji Malick,El Hadji Malick,DIOUF,DIOUF,29/12/2004,21,West Ham United FC (ENG),177,21,1,https://png.pngtree.com/recommend-works/png-clipart/20250422/ourlarge/pngtree-silhouette-dribbling-football-player-png-image_16056964.png,SN,https://flagsapi.com/SN/flat/64.png,"[{""hex"": ""#00853F"", ""percent"": 35.23}, {""hex"": ""#E31B23"", ""percent"": 33.33}, {""hex"": ""#FDEF42"", ""percent"": 31.15}, {""hex"": ""#71B540"", ""percent"": 0.22}, {""hex"": ""#ABCD41"", ""percent"": 0.07}]"
South Africa,RSA,10,FW,MOFOKENG Relebohile,Relebohile,MOFOKENG,MOFOKENG,23/10/2004,21,Orlando Pirates FC (RSA),168,15,1,https://png.pngtree.com/png-vector/20250909/ourlarge/pngtree-focused-footballer-silhouette-in-action-preparing-to-kick-the-ball-png-image_17376673.webp,ZA,https://flagsapi.com/ZA/flat/64.png,"[{""hex"": ""#007A4D"", ""percent"": 30.66}, {""hex"": ""#002395"", ""percent"": 20.85}, {""hex"": ""#DE3831"", ""percent"": 20.85}, {""hex"": ""#FEFEFE"", ""percent"": 11.04}, {""hex"": ""#000000"", ""percent"": 8.8}, {""hex"": ""#FDB512"", ""percent"": 4.97}]"
South Africa,RSA,14,DF,MBOKAZI Mbekezeli,Mbekezeli Mfanu,MBOKAZI,MBOKAZI,19/09/2005,20,Chicago Fire FC (USA),177,12,1,https://png.pngtree.com/recommend-works/png-clipart/20250422/ourlarge/pngtree-silhouette-dribbling-football-player-png-image_16056964.png,ZA,https://flagsapi.com/ZA/flat/64.png,"[{""hex"": ""#007A4D"", ""percent"": 30.66}, {""hex"": ""#002395"", ""percent"": 20.85}, {""hex"": ""#DE3831"", ""percent"": 20.85}, {""hex"": ""#FEFEFE"", ""percent"": 11.04}, {""hex"": ""#000000"", ""percent"": 8.8}, {""hex"": ""#FDB512"", ""percent"": 4.97}]"
Spain,ESP,9,MF,GAVI,Pablo,PAEZ GAVIRA,GAVI,05/08/2004,21,FC Barcelona (ESP),173,31,5,https://encrypted-tbn0.gstatic.com/images?q=tbn:ANd9GcS1fYKIH5E1fNxH0__3pjZqBvRWEIttrUg4pGYlbeq6UQ&s=10,ES,https://flagsapi.com/ES/flat/64.png,"[{""hex"": ""#C60B1E"", ""percent"": 50.01}, {""hex"": ""#FFC400"", ""percent"": 43.6}, {""hex"": ""#975C11"", ""percent"": 1.74}, {""hex"": ""#9E2918"", ""percent"": 1.37}, {""hex"": ""#B08F07"", ""percent"": 1.29}, {""hex"": ""#CEB56B"", ""percent"": 0.18}]"
Spain,ESP,19,FW,YAMAL Lamine,Lamine Yamal,NASRAOUI EBANA,LAMINE YAMAL,13/07/2007,18,FC Barcelona (ESP),183,26,6,https://png.pngtree.com/png-vector/20250909/ourlarge/pngtree-focused-footballer-silhouette-in-action-preparing-to-kick-the-ball-png-image_17376673.webp,ES,https://flagsapi.com/ES/flat/64.png,"[{""hex"": ""#C60B1E"", ""percent"": 50.01}, {""hex"": ""#FFC400"", ""percent"": 43.6}, {""hex"": ""#975C11"", ""percent"": 1.74}, {""hex"": ""#9E2918"", ""percent"": 1.37}, {""hex"": ""#B08F07"", ""percent"": 1.29}, {""hex"": ""#CEB56B"", ""percent"": 0.18}]"
Spain,ESP,22,DF,CUBARSI Pau,Pau,CUBARSI I PAREDES,CUBARSÍ,22/01/2007,19,FC Barcelona (ESP),183,13,0,https://png.pngtree.com/recommend-works/png-clipart/20250422/ourlarge/pngtree-silhouette-dribbling-football-player-png-image_16056964.png,ES,https://flagsapi.com/ES/flat/64.png,"[{""hex"": ""#C60B1E"", ""percent"": 50.01}, {""hex"": ""#FFC400"", ""percent"": 43.6}, {""hex"": ""#975C11"", ""percent"": 1.74}, {""hex"": ""#9E2918"", ""percent"": 1.37}, {""hex"": ""#B08F07"", ""percent"": 1.29}, {""hex"": ""#CEB56B"", ""percent"": 0.18}]"
Sweden,SWE,7,MF,BERGVALL Lucas,Lucas Erik Holger,BERGVALL,BERGVALL,02/02/2006,20,Tottenham Hotspur FC (ENG),187,11,0,https://encrypted-tbn0.gstatic.com/images?q=tbn:ANd9GcS1fYKIH5E1fNxH0__3pjZqBvRWEIttrUg4pGYlbeq6UQ&s=10,SE,https://flagsapi.com/SE/flat/64.png,"[{""hex"": ""#006AA7"", ""percent"": 70}, {""hex"": ""#FECC00"", ""percent"": 30}]"
Switzerland,SUI,9,MF,MANZAMBI Johan,Johan Kula,MANZAMBI,MANZAMBI,14/10/2005,20,SC Freiburg (GER),182,14,5,https://encrypted-tbn0.gstatic.com/images?q=tbn:ANd9GcS1fYKIH5E1fNxH0__3pjZqBvRWEIttrUg4pGYlbeq6UQ&s=10,CH,https://flagsapi.com/CH/flat/64.png,"[{""hex"": ""#FF0000"", ""percent"": 78.48}, {""hex"": ""#FFFFFF"", ""percent"": 19.08}, {""hex"": ""#FF6060"", ""percent"": 2.4}, {""hex"": ""#FF9C9C"", ""percent"": 0.04}]"
Tunisia,TUN,5,DF,AROUS Adam,Adam,AROUS,AROUS,17/07/2004,21,Kasımpaşa SK (TUR),188,2,0,https://png.pngtree.com/recommend-works/png-clipart/20250422/ourlarge/pngtree-silhouette-dribbling-football-player-png-image_16056964.png,TN,https://flagsapi.com/TN/flat/64.png,"[{""hex"": ""#E70013"", ""percent"": 89.93}, {""hex"": ""#FFFEFE"", ""percent"": 8.77}, {""hex"": ""#F16C77"", ""percent"": 1.01}, {""hex"": ""#F7ADB4"", ""percent"": 0.21}, {""hex"": ""#EC3847"", ""percent"": 0.09}]"
Tunisia,TUN,14,MF,AYARI Khalil,Khalil,AYARI,AYARI,02/02/2005,21,Paris Saint-Germain (FRA),174,4,0,https://encrypted-tbn0.gstatic.com/images?q=tbn:ANd9GcS1fYKIH5E1fNxH0__3pjZqBvRWEIttrUg4pGYlbeq6UQ&s=10,TN,https://flagsapi.com/TN/flat/64.png,"[{""hex"": ""#E70013"", ""percent"": 89.93}, {""hex"": ""#FFFEFE"", ""percent"": 8.77}, {""hex"": ""#F16C77"", ""percent"": 1.01}, {""hex"": ""#F7ADB4"", ""percent"": 0.21}, {""hex"": ""#EC3847"", ""percent"": 0.09}]"
Tunisia,TUN,18,FW,ELLOUMI Rayan,Rayan,ELLOUMI,ELLOUMI,17/09/2007,18,Vancouver Whitecaps FC (CAN),180,4,0,https://png.pngtree.com/png-vector/20250909/ourlarge/pngtree-focused-footballer-silhouette-in-action-preparing-to-kick-the-ball-png-image_17376673.webp,TN,https://flagsapi.com/TN/flat/64.png,"[{""hex"": ""#E70013"", ""percent"": 89.93}, {""hex"": ""#FFFEFE"", ""percent"": 8.77}, {""hex"": ""#F16C77"", ""percent"": 1.01}, {""hex"": ""#F7ADB4"", ""percent"": 0.21}, {""hex"": ""#EC3847"", ""percent"": 0.09}]"
Tunisia,TUN,23,DF,NEFFATI Moutaz,Moutaz,NEFFATI,NEFFATI,04/09/2004,21,IFK Norrköping FK (SWE),182,5,0,https://png.pngtree.com/recommend-works/png-clipart/20250422/ourlarge/pngtree-silhouette-dribbling-football-player-png-image_16056964.png,TN,https://flagsapi.com/TN/flat/64.png,"[{""hex"": ""#E70013"", ""percent"": 89.93}, {""hex"": ""#FFFEFE"", ""percent"": 8.77}, {""hex"": ""#F16C77"", ""percent"": 1.01}, {""hex"": ""#F7ADB4"", ""percent"": 0.21}, {""hex"": ""#EC3847"", ""percent"": 0.09}]"
Turkey,TUR,8,FW,GULER Arda,Arda,GÜLER,ARDA GÜLER,25/02/2005,21,Real Madrid C. F. (ESP),175,31,6,https://png.pngtree.com/png-vector/20250909/ourlarge/pngtree-focused-footballer-silhouette-in-action-preparing-to-kick-the-ball-png-image_17376673.webp,TR,https://flagsapi.com/TR/flat/64.png,"[{""hex"": ""#E30A17"", ""percent"": 93.37}, {""hex"": ""#FFFEFE"", ""percent"": 5.2}, {""hex"": ""#F9CDD0"", ""percent"": 0.57}, {""hex"": ""#EF7279"", ""percent"": 0.57}, {""hex"": ""#EA4953"", ""percent"": 0.29}]"
Turkey,TUR,9,FW,GUL Deniz,Deniz Daniel,GÜL,DENİZ GÜL,02/07/2004,21,FC Porto (POR),192,9,2,https://png.pngtree.com/png-vector/20250909/ourlarge/pngtree-focused-footballer-silhouette-in-action-preparing-to-kick-the-ball-png-image_17376673.webp,TR,https://flagsapi.com/TR/flat/64.png,"[{""hex"": ""#E30A17"", ""percent"": 93.37}, {""hex"": ""#FFFEFE"", ""percent"": 5.2}, {""hex"": ""#F9CDD0"", ""percent"": 0.57}, {""hex"": ""#EF7279"", ""percent"": 0.57}, {""hex"": ""#EA4953"", ""percent"": 0.29}]"
Turkey,TUR,11,FW,YILDIZ Kenan,Kenan,YILDIZ,YILDIZ,04/05/2005,21,Juventus FC (ITA),187,29,5,https://png.pngtree.com/png-vector/20250909/ourlarge/pngtree-focused-footballer-silhouette-in-action-preparing-to-kick-the-ball-png-image_17376673.webp,TR,https://flagsapi.com/TR/flat/64.png,"[{""hex"": ""#E30A17"", ""percent"": 93.37}, {""hex"": ""#FFFEFE"", ""percent"": 5.2}, {""hex"": ""#F9CDD0"", ""percent"": 0.57}, {""hex"": ""#EF7279"", ""percent"": 0.57}, {""hex"": ""#EA4953"", ""percent"": 0.29}]"
Turkey,TUR,26,FW,UZUN Can,Can Yılmaz,UZUN,CAN UZUN,11/11/2005,20,Eintracht Frankfurt (GER),186,6,1,https://png.pngtree.com/png-vector/20250909/ourlarge/pngtree-focused-footballer-silhouette-in-action-preparing-to-kick-the-ball-png-image_17376673.webp,TR,https://flagsapi.com/TR/flat/64.png,"[{""hex"": ""#E30A17"", ""percent"": 93.37}, {""hex"": ""#FFFEFE"", ""percent"": 5.2}, {""hex"": ""#F9CDD0"", ""percent"": 0.57}, {""hex"": ""#EF7279"", ""percent"": 0.57}, {""hex"": ""#EA4953"", ""percent"": 0.29}]"
United States,USA,16,DF,FREEMAN Alex,Alexander Michael,FREEMAN,FREEMAN,09/08/2004,21,Villarreal CF (ESP),188,18,2,https://png.pngtree.com/recommend-works/png-clipart/20250422/ourlarge/pngtree-silhouette-dribbling-football-player-png-image_16056964.png,US,https://flagsapi.com/US/flat/64.png,"[{""hex"": ""#B22234"", ""percent"": 37.2}, {""hex"": ""#FEFEFE"", ""percent"": 33.99}, {""hex"": ""#3C3B6E"", ""percent"": 18.11}, {""hex"": ""#CA6673"", ""percent"": 4.4}, {""hex"": ""#EDCDD1"", ""percent"": 3.18}, {""hex"": ""#DC9AA2"", ""percent"": 1.6}]"
Uzbekistan,UZB,24,DF,KARIMOV Behruzjon,Behruzjon,KARIMOV,KARIMOV,07/08/2007,18,Surkhon FK (UZB),172,3,0,https://png.pngtree.com/recommend-works/png-clipart/20250422/ourlarge/pngtree-silhouette-dribbling-football-player-png-image_16056964.png,UZ,https://flagsapi.com/UZ/flat/64.png,"[{""hex"": ""#FFFFFF"", ""percent"": 32.73}, {""hex"": ""#1EB53A"", ""percent"": 32}, {""hex"": ""#0099B5"", ""percent"": 30.73}, {""hex"": ""#CE1126"", ""percent"": 4}, {""hex"": ""#4EB8CC"", ""percent"": 0.34}, {""hex"": ""#89D0DD"", ""percent"": 0.21}]"
Guatemala,GUA,10,MF,DIAZ Devin,Devin,DIAZ,DEVIN DIAZ,17/04/2004,21,FC Barcelona (ESP),173,71,21,https://encrypted-tbn0.gstatic.com/images?q=tbn:ANd9GcS1fYKIH5E1fNxH0__3pjZqBvRWEIttrUg4pGYlbeq6UQ&s=10,GT,https://flagsapi.com/GT/flat/64.png,"[{""hex"": ""#4997D0"", ""percent"": 40.0}, {""hex"": ""#FFFFFF"", ""percent"": 39.0}, {""hex"": ""#4997D0"", ""percent"": 19.0}, {""hex"": ""#D9D9D9"", ""percent"": 1.0}, {""hex"": ""#2F6F9E"", ""percent"": 1.0}]"